{"cameraMode":{"drawMode":0,"name":"Shaded","section":"Shading Mode"},"sceneLighting":true,"audioPlay":false,"sceneViewState":{"m_AlwaysRefresh":false,"showFog":true,"showSkybox":true,"showFlares":true,"showImageEffects":true,"showParticleSystems":true,"showVisualEffectGraphs":true,"m_FxEnabled":true},"in2DMode":false,"pivot":{"x":-13.754362106323243,"y":4.138988018035889,"z":23.10285186767578},"rotation":{"x":0.09300757944583893,"y":0.8974846601486206,"z":-0.22820959985256196,"w":0.36577171087265017},"size":40.95626449584961,"orthographic":true}