{"cameraMode":{"drawMode":0,"name":"Shaded","section":"Shading Mode"},"sceneLighting":true,"audioPlay":false,"sceneViewState":{"m_AlwaysRefresh":false,"showFog":true,"showSkybox":true,"showFlares":true,"showImageEffects":true,"showParticleSystems":true,"showVisualEffectGraphs":true,"m_FxEnabled":true},"in2DMode":false,"pivot":{"x":-12.462203025817871,"y":0.34784170985221865,"z":-0.5242828130722046},"rotation":{"x":-0.0049041458405554298,"y":0.9870980978012085,"z":-0.15707917511463166,"w":-0.030806677415966989},"size":10.858895301818848,"orthographic":false}